trait_id	trait_name_original	product_module	current_tier	qc_recommended_tier	reason	risk_level	language_issue_yes_no	scientific_review_needed_yes_no	regulatory_review_needed_yes_no	suggested_safer_name	suggested_safer_report_language	required_caveat
wg-2380	Aniseed Preference	Nutrition & Metabolism	A	A	trait is non-medical and suitable for Tier A MVP candidate	low	no	yes	no	Aniseed Preference	consumer-friendly, non-clinical	Wellness/non-clinical trait report. Genetic markers are externally unvalidated. Results are probabilistic and for informational purposes only.
wg-2379	Apple Juice Preference	Nutrition & Metabolism	A	A	trait is non-medical and suitable for Tier A MVP candidate	low	no	yes	no	Apple Juice Preference	consumer-friendly, non-clinical	Wellness/non-clinical trait report. Genetic markers are externally unvalidated. Results are probabilistic and for informational purposes only.
wg-2337	Apples Preference	Nutrition & Metabolism	A	A	trait is non-medical and suitable for Tier A MVP candidate	low	no	yes	no	Apples Preference	consumer-friendly, non-clinical	Wellness/non-clinical trait report. Genetic markers are externally unvalidated. Results are probabilistic and for informational purposes only.
wg-2336	Asparagus Preference	Nutrition & Metabolism	A	A	trait is non-medical and suitable for Tier A MVP candidate	low	no	yes	no	Asparagus Preference	consumer-friendly, non-clinical	Wellness/non-clinical trait report. Genetic markers are externally unvalidated. Results are probabilistic and for informational purposes only.
wg-2338	Aubergine Preference	Nutrition & Metabolism	A	A	trait is non-medical and suitable for Tier A MVP candidate	low	no	yes	no	Aubergine Preference	consumer-friendly, non-clinical	Wellness/non-clinical trait report. Genetic markers are externally unvalidated. Results are probabilistic and for informational purposes only.
wg-2373	Avocados Preference	Nutrition & Metabolism	A	A	trait is non-medical and suitable for Tier A MVP candidate	low	no	yes	no	Avocados Preference	consumer-friendly, non-clinical	Wellness/non-clinical trait report. Genetic markers are externally unvalidated. Results are probabilistic and for informational purposes only.
wg-2398	BBQ Grilled Meat Preference	Nutrition & Metabolism	A	A	trait is non-medical and suitable for Tier A MVP candidate	low	no	yes	no	BBQ Grilled Meat Preference	consumer-friendly, non-clinical	Wellness/non-clinical trait report. Genetic markers are externally unvalidated. Results are probabilistic and for informational purposes only.
wg-2308	Bacon Preference	Nutrition & Metabolism	A	A	trait is non-medical and suitable for Tier A MVP candidate	low	no	yes	no	Bacon Preference	consumer-friendly, non-clinical	Wellness/non-clinical trait report. Genetic markers are externally unvalidated. Results are probabilistic and for informational purposes only.
wg-2355	Banana Preference	Nutrition & Metabolism	A	A	trait is non-medical and suitable for Tier A MVP candidate	low	no	yes	no	Banana Preference	consumer-friendly, non-clinical	Wellness/non-clinical trait report. Genetic markers are externally unvalidated. Results are probabilistic and for informational purposes only.
wg-2327	Beef Preference	Nutrition & Metabolism	A	A	trait is non-medical and suitable for Tier A MVP candidate	low	no	yes	no	Beef Preference	consumer-friendly, non-clinical	Wellness/non-clinical trait report. Genetic markers are externally unvalidated. Results are probabilistic and for informational purposes only.
wg-2376	Beetroot Preference	Nutrition & Metabolism	A	A	trait is non-medical and suitable for Tier A MVP candidate	low	no	yes	no	Beetroot Preference	consumer-friendly, non-clinical	Wellness/non-clinical trait report. Genetic markers are externally unvalidated. Results are probabilistic and for informational purposes only.
wg-2329	Bell Pepper Preference	Nutrition & Metabolism	A	A	trait is non-medical and suitable for Tier A MVP candidate	low	no	yes	no	Bell Pepper Preference	consumer-friendly, non-clinical	Wellness/non-clinical trait report. Genetic markers are externally unvalidated. Results are probabilistic and for informational purposes only.
wg-2414	Bitter Ale Preference	Nutrition & Metabolism	A	A	trait is non-medical and suitable for Tier A MVP candidate	low	no	yes	no	Bitter Ale Preference	consumer-friendly, non-clinical	Wellness/non-clinical trait report. Genetic markers are externally unvalidated. Results are probabilistic and for informational purposes only.
wg-2385	Black Olives Preference	Nutrition & Metabolism	A	A	trait is non-medical and suitable for Tier A MVP candidate	low	no	yes	no	Black Olives Preference	consumer-friendly, non-clinical	Wellness/non-clinical trait report. Genetic markers are externally unvalidated. Results are probabilistic and for informational purposes only.
wg-2387	Black Pepper Preference	Nutrition & Metabolism	A	A	trait is non-medical and suitable for Tier A MVP candidate	low	no	yes	no	Black Pepper Preference	consumer-friendly, non-clinical	Wellness/non-clinical trait report. Genetic markers are externally unvalidated. Results are probabilistic and for informational purposes only.
wg-2405	Blue Cheese Preference	Nutrition & Metabolism	A	A	trait is non-medical and suitable for Tier A MVP candidate	low	no	yes	no	Blue Cheese Preference	consumer-friendly, non-clinical	Wellness/non-clinical trait report. Genetic markers are externally unvalidated. Results are probabilistic and for informational purposes only.
wg-2345	Broad Beans Preference	Nutrition & Metabolism	A	A	trait is non-medical and suitable for Tier A MVP candidate	low	no	yes	no	Broad Beans Preference	consumer-friendly, non-clinical	Wellness/non-clinical trait report. Genetic markers are externally unvalidated. Results are probabilistic and for informational purposes only.
wg-2382	Broccoli Preference	Nutrition & Metabolism	A	A	trait is non-medical and suitable for Tier A MVP candidate	low	no	yes	no	Broccoli Preference	consumer-friendly, non-clinical	Wellness/non-clinical trait report. Genetic markers are externally unvalidated. Results are probabilistic and for informational purposes only.
wg-2392	Butternut Squash Preference	Nutrition & Metabolism	A	A	trait is non-medical and suitable for Tier A MVP candidate	low	no	yes	no	Butternut Squash Preference	consumer-friendly, non-clinical	Wellness/non-clinical trait report. Genetic markers are externally unvalidated. Results are probabilistic and for informational purposes only.
wg-2364	Cabbage Preference	Nutrition & Metabolism	A	A	trait is non-medical and suitable for Tier A MVP candidate	low	no	yes	no	Cabbage Preference	consumer-friendly, non-clinical	Wellness/non-clinical trait report. Genetic markers are externally unvalidated. Results are probabilistic and for informational purposes only.
wg-22	Caffeine Metabolism	Nutrition & Metabolism	A	C	trait may imply disease risk, diagnosis, or medical condition; trait may imply drug response or pharmacogenomics; consumer-friendly name is overconfident; recommended report language is too strong	high	yes	yes	yes	Caffeine Metabolism Pattern	clinical, requires professional review — not for direct-to-consumer reporting	Sensitive trait — may imply medical condition or drug response. Requires clinical, regulatory, and ethical review. Not for direct-to-consumer reporting without professional oversight.
wg-2406	Cake Icing Preference	Nutrition & Metabolism	A	A	trait is non-medical and suitable for Tier A MVP candidate	low	no	yes	no	Cake Icing Preference	consumer-friendly, non-clinical	Wellness/non-clinical trait report. Genetic markers are externally unvalidated. Results are probabilistic and for informational purposes only.
wg-2346	Cake Preference	Nutrition & Metabolism	A	A	trait is non-medical and suitable for Tier A MVP candidate	low	no	yes	no	Cake Preference	consumer-friendly, non-clinical	Wellness/non-clinical trait report. Genetic markers are externally unvalidated. Results are probabilistic and for informational purposes only.
wg-247	Calcium Nutritional Requirement	Nutrition & Metabolism	A	C	trait may imply disease risk, diagnosis, or medical condition; consumer-friendly name is overconfident; recommended report language is too strong	high	yes	yes	yes	Calcium Nutritional Association	clinical, requires professional review — not for direct-to-consumer reporting	Sensitive trait — may imply medical condition or drug response. Requires clinical, regulatory, and ethical review. Not for direct-to-consumer reporting without professional oversight.
wg-2362	Capers Preference	Nutrition & Metabolism	A	A	trait is non-medical and suitable for Tier A MVP candidate	low	no	yes	no	Capers Preference	consumer-friendly, non-clinical	Wellness/non-clinical trait report. Genetic markers are externally unvalidated. Results are probabilistic and for informational purposes only.
wg-2340	Cauliflower Preference	Nutrition & Metabolism	A	A	trait is non-medical and suitable for Tier A MVP candidate	low	no	yes	no	Cauliflower Preference	consumer-friendly, non-clinical	Wellness/non-clinical trait report. Genetic markers are externally unvalidated. Results are probabilistic and for informational purposes only.
wg-2404	Cheesecake Preference	Nutrition & Metabolism	A	A	trait is non-medical and suitable for Tier A MVP candidate	low	no	yes	no	Cheesecake Preference	consumer-friendly, non-clinical	Wellness/non-clinical trait report. Genetic markers are externally unvalidated. Results are probabilistic and for informational purposes only.
wg-2317	Cherries Preference	Nutrition & Metabolism	A	A	trait is non-medical and suitable for Tier A MVP candidate	low	no	yes	no	Cherries Preference	consumer-friendly, non-clinical	Wellness/non-clinical trait report. Genetic markers are externally unvalidated. Results are probabilistic and for informational purposes only.
wg-2350	Chilli Pepper Preference	Nutrition & Metabolism	A	A	trait is non-medical and suitable for Tier A MVP candidate	low	no	yes	no	Chilli Pepper Preference	consumer-friendly, non-clinical	Wellness/non-clinical trait report. Genetic markers are externally unvalidated. Results are probabilistic and for informational purposes only.
wg-2342	Chips Preference	Nutrition & Metabolism	A	A	trait is non-medical and suitable for Tier A MVP candidate	low	no	yes	no	Chips Preference	consumer-friendly, non-clinical	Wellness/non-clinical trait report. Genetic markers are externally unvalidated. Results are probabilistic and for informational purposes only.
wg-2389	Coffee with Sugar Preference	Nutrition & Metabolism	A	A	trait is non-medical and suitable for Tier A MVP candidate	low	no	yes	no	Coffee with Sugar Preference	consumer-friendly, non-clinical	Wellness/non-clinical trait report. Genetic markers are externally unvalidated. Results are probabilistic and for informational purposes only.
wg-2397	Coffee without Sugar Preference	Nutrition & Metabolism	A	A	trait is non-medical and suitable for Tier A MVP candidate	low	no	yes	no	Coffee without Sugar Preference	consumer-friendly, non-clinical	Wellness/non-clinical trait report. Genetic markers are externally unvalidated. Results are probabilistic and for informational purposes only.
wg-2354	Coriander Preference	Nutrition & Metabolism	A	A	trait is non-medical and suitable for Tier A MVP candidate	low	no	yes	no	Coriander Preference	consumer-friendly, non-clinical	Wellness/non-clinical trait report. Genetic markers are externally unvalidated. Results are probabilistic and for informational purposes only.
wg-2375	Cornflakes Preference	Nutrition & Metabolism	A	A	trait is non-medical and suitable for Tier A MVP candidate	low	no	yes	no	Cornflakes Preference	consumer-friendly, non-clinical	Wellness/non-clinical trait report. Genetic markers are externally unvalidated. Results are probabilistic and for informational purposes only.
wg-2343	Crisps Preference	Nutrition & Metabolism	A	A	trait is non-medical and suitable for Tier A MVP candidate	low	no	yes	no	Crisps Preference	consumer-friendly, non-clinical	Wellness/non-clinical trait report. Genetic markers are externally unvalidated. Results are probabilistic and for informational purposes only.
wg-2306	Croissant Preference	Nutrition & Metabolism	A	A	trait is non-medical and suitable for Tier A MVP candidate	low	no	yes	no	Croissant Preference	consumer-friendly, non-clinical	Wellness/non-clinical trait report. Genetic markers are externally unvalidated. Results are probabilistic and for informational purposes only.
wg-2359	Cucumber Preference	Nutrition & Metabolism	A	A	trait is non-medical and suitable for Tier A MVP candidate	low	no	yes	no	Cucumber Preference	consumer-friendly, non-clinical	Wellness/non-clinical trait report. Genetic markers are externally unvalidated. Results are probabilistic and for informational purposes only.
wg-2307	Curry Preference	Nutrition & Metabolism	A	A	trait is non-medical and suitable for Tier A MVP candidate	low	no	yes	no	Curry Preference	consumer-friendly, non-clinical	Wellness/non-clinical trait report. Genetic markers are externally unvalidated. Results are probabilistic and for informational purposes only.
wg-2407	Dark Chocolate Preference	Nutrition & Metabolism	A	A	trait is non-medical and suitable for Tier A MVP candidate	low	no	yes	no	Dark Chocolate Preference	consumer-friendly, non-clinical	Wellness/non-clinical trait report. Genetic markers are externally unvalidated. Results are probabilistic and for informational purposes only.
wg-2311	Dried Fruit Preference	Nutrition & Metabolism	A	A	trait is non-medical and suitable for Tier A MVP candidate	low	no	yes	no	Dried Fruit Preference	consumer-friendly, non-clinical	Wellness/non-clinical trait report. Genetic markers are externally unvalidated. Results are probabilistic and for informational purposes only.
wg-2384	Drinking Water Preference	Nutrition & Metabolism	A	A	trait is non-medical and suitable for Tier A MVP candidate	low	no	yes	no	Drinking Water Preference	consumer-friendly, non-clinical	Wellness/non-clinical trait report. Genetic markers are externally unvalidated. Results are probabilistic and for informational purposes only.
wg-2358	Eggs Preference	Nutrition & Metabolism	A	A	trait is non-medical and suitable for Tier A MVP candidate	low	no	yes	no	Eggs Preference	consumer-friendly, non-clinical	Wellness/non-clinical trait report. Genetic markers are externally unvalidated. Results are probabilistic and for informational purposes only.
wg-2401	Fizzy Drinks Preference	Nutrition & Metabolism	A	A	trait is non-medical and suitable for Tier A MVP candidate	low	no	yes	no	Fizzy Drinks Preference	consumer-friendly, non-clinical	Wellness/non-clinical trait report. Genetic markers are externally unvalidated. Results are probabilistic and for informational purposes only.
wg-225	Folate Nutritional Requirement	Nutrition & Metabolism	A	C	trait may imply disease risk, diagnosis, or medical condition; consumer-friendly name is overconfident; recommended report language is too strong	high	yes	yes	yes	Folate Nutritional Association	clinical, requires professional review — not for direct-to-consumer reporting	Sensitive trait — may imply medical condition or drug response. Requires clinical, regulatory, and ethical review. Not for direct-to-consumer reporting without professional oversight.
wg-2324	Fried Chicken Preference	Nutrition & Metabolism	A	A	trait is non-medical and suitable for Tier A MVP candidate	low	no	yes	no	Fried Chicken Preference	consumer-friendly, non-clinical	Wellness/non-clinical trait report. Genetic markers are externally unvalidated. Results are probabilistic and for informational purposes only.
wg-2323	Fried Fish Preference	Nutrition & Metabolism	A	A	trait is non-medical and suitable for Tier A MVP candidate	low	no	yes	no	Fried Fish Preference	consumer-friendly, non-clinical	Wellness/non-clinical trait report. Genetic markers are externally unvalidated. Results are probabilistic and for informational purposes only.
wg-2309	Garlic Preference	Nutrition & Metabolism	A	A	trait is non-medical and suitable for Tier A MVP candidate	low	no	yes	no	Garlic Preference	consumer-friendly, non-clinical	Wellness/non-clinical trait report. Genetic markers are externally unvalidated. Results are probabilistic and for informational purposes only.
wg-2403	Gherkins Preference	Nutrition & Metabolism	A	A	trait is non-medical and suitable for Tier A MVP candidate	low	no	yes	no	Gherkins Preference	consumer-friendly, non-clinical	Wellness/non-clinical trait report. Genetic markers are externally unvalidated. Results are probabilistic and for informational purposes only.
wg-2321	Globe Artichoke Preference	Nutrition & Metabolism	A	A	trait is non-medical and suitable for Tier A MVP candidate	low	no	yes	no	Globe Artichoke Preference	consumer-friendly, non-clinical	Wellness/non-clinical trait report. Genetic markers are externally unvalidated. Results are probabilistic and for informational purposes only.
wg-2393	Goat Cheese Preference	Nutrition & Metabolism	A	A	trait is non-medical and suitable for Tier A MVP candidate	low	no	yes	no	Goat Cheese Preference	consumer-friendly, non-clinical	Wellness/non-clinical trait report. Genetic markers are externally unvalidated. Results are probabilistic and for informational purposes only.
wg-2348	Grapefruit Preference	Nutrition & Metabolism	A	A	trait is non-medical and suitable for Tier A MVP candidate	low	no	yes	no	Grapefruit Preference	consumer-friendly, non-clinical	Wellness/non-clinical trait report. Genetic markers are externally unvalidated. Results are probabilistic and for informational purposes only.
wg-2383	Green Olives Preference	Nutrition & Metabolism	A	A	trait is non-medical and suitable for Tier A MVP candidate	low	no	yes	no	Green Olives Preference	consumer-friendly, non-clinical	Wellness/non-clinical trait report. Genetic markers are externally unvalidated. Results are probabilistic and for informational purposes only.
wg-2386	Haddock Preference	Nutrition & Metabolism	A	A	trait is non-medical and suitable for Tier A MVP candidate	low	no	yes	no	Haddock Preference	consumer-friendly, non-clinical	Wellness/non-clinical trait report. Genetic markers are externally unvalidated. Results are probabilistic and for informational purposes only.
wg-2322	Ham Preference	Nutrition & Metabolism	A	A	trait is non-medical and suitable for Tier A MVP candidate	low	no	yes	no	Ham Preference	consumer-friendly, non-clinical	Wellness/non-clinical trait report. Genetic markers are externally unvalidated. Results are probabilistic and for informational purposes only.
wg-2357	Herring Preference	Nutrition & Metabolism	A	A	trait is non-medical and suitable for Tier A MVP candidate	low	no	yes	no	Herring Preference	consumer-friendly, non-clinical	Wellness/non-clinical trait report. Genetic markers are externally unvalidated. Results are probabilistic and for informational purposes only.
wg-2347	Honey Preference	Nutrition & Metabolism	A	A	trait is non-medical and suitable for Tier A MVP candidate	low	no	yes	no	Honey Preference	consumer-friendly, non-clinical	Wellness/non-clinical trait report. Genetic markers are externally unvalidated. Results are probabilistic and for informational purposes only.
wg-2361	Ice Cream Preference	Nutrition & Metabolism	A	A	trait is non-medical and suitable for Tier A MVP candidate	low	no	yes	no	Ice Cream Preference	consumer-friendly, non-clinical	Wellness/non-clinical trait report. Genetic markers are externally unvalidated. Results are probabilistic and for informational purposes only.
wg-251	Iron Nutritional Requirement	Nutrition & Metabolism	A	C	trait may imply disease risk, diagnosis, or medical condition; consumer-friendly name is overconfident; recommended report language is too strong	high	yes	yes	yes	Iron Nutritional Association	clinical, requires professional review — not for direct-to-consumer reporting	Sensitive trait — may imply medical condition or drug response. Requires clinical, regulatory, and ethical review. Not for direct-to-consumer reporting without professional oversight.
wg-2377	Ketchup Preference	Nutrition & Metabolism	A	A	trait is non-medical and suitable for Tier A MVP candidate	low	no	yes	no	Ketchup Preference	consumer-friendly, non-clinical	Wellness/non-clinical trait report. Genetic markers are externally unvalidated. Results are probabilistic and for informational purposes only.
wg-5	Lactose Metabolism	Nutrition & Metabolism	A	C	trait may imply disease risk, diagnosis, or medical condition; trait may imply drug response or pharmacogenomics; consumer-friendly name is overconfident; recommended report language is too strong	high	yes	yes	yes	Lactose Metabolism Pattern	clinical, requires professional review — not for direct-to-consumer reporting	Sensitive trait — may imply medical condition or drug response. Requires clinical, regulatory, and ethical review. Not for direct-to-consumer reporting without professional oversight.
wg-2396	Lager Preference	Nutrition & Metabolism	A	A	trait is non-medical and suitable for Tier A MVP candidate	low	no	yes	no	Lager Preference	consumer-friendly, non-clinical	Wellness/non-clinical trait report. Genetic markers are externally unvalidated. Results are probabilistic and for informational purposes only.
wg-2333	Lamb Preference	Nutrition & Metabolism	A	A	trait is non-medical and suitable for Tier A MVP candidate	low	no	yes	no	Lamb Preference	consumer-friendly, non-clinical	Wellness/non-clinical trait report. Genetic markers are externally unvalidated. Results are probabilistic and for informational purposes only.
wg-2292	Leisure Computer Use Preference​	Nutrition & Metabolism	A	D	based on weak behavioral/personality genetics; consumer-friendly name is overconfident; recommended report language is too strong	high	yes	yes	yes	Leisure Computer Use Preference​ (Genetic Tendency)	consumer-friendly, non-clinical, with explicit 'weak evidence' disclaimer	Trait based on weak or controversial behavioral/personality genetics. Not recommended for commercial reporting. If reported, must include explicit 'weak evidence' disclaimer.
wg-2293	Leisure TV Watching Preference​	Nutrition & Metabolism	A	D	based on weak behavioral/personality genetics; consumer-friendly name is overconfident; recommended report language is too strong	high	yes	yes	yes	Leisure TV Watching Preference​ (Genetic Tendency)	consumer-friendly, non-clinical, with explicit 'weak evidence' disclaimer	Trait based on weak or controversial behavioral/personality genetics. Not recommended for commercial reporting. If reported, must include explicit 'weak evidence' disclaimer.
wg-2315	Lemons Preference	Nutrition & Metabolism	A	A	trait is non-medical and suitable for Tier A MVP candidate	low	no	yes	no	Lemons Preference	consumer-friendly, non-clinical	Wellness/non-clinical trait report. Genetic markers are externally unvalidated. Results are probabilistic and for informational purposes only.
wg-2279	Long Sleep Preference​	Nutrition & Metabolism	A	D	based on weak behavioral/personality genetics; consumer-friendly name is overconfident; recommended report language is too strong	high	yes	yes	yes	Long Sleep Preference​ (Genetic Tendency)	consumer-friendly, non-clinical, with explicit 'weak evidence' disclaimer	Trait based on weak or controversial behavioral/personality genetics. Not recommended for commercial reporting. If reported, must include explicit 'weak evidence' disclaimer.
wg-2356	Mackerel Preference	Nutrition & Metabolism	A	A	trait is non-medical and suitable for Tier A MVP candidate	low	no	yes	no	Mackerel Preference	consumer-friendly, non-clinical	Wellness/non-clinical trait report. Genetic markers are externally unvalidated. Results are probabilistic and for informational purposes only.
wg-1707	Magnesium Nutritional Requirement	Nutrition & Metabolism	A	C	trait may imply disease risk, diagnosis, or medical condition; consumer-friendly name is overconfident; recommended report language is too strong	high	yes	yes	yes	Magnesium Nutritional Association	clinical, requires professional review — not for direct-to-consumer reporting	Sensitive trait — may imply medical condition or drug response. Requires clinical, regulatory, and ethical review. Not for direct-to-consumer reporting without professional oversight.
wg-2369	Marzipan Preference	Nutrition & Metabolism	A	A	trait is non-medical and suitable for Tier A MVP candidate	low	no	yes	no	Marzipan Preference	consumer-friendly, non-clinical	Wellness/non-clinical trait report. Genetic markers are externally unvalidated. Results are probabilistic and for informational purposes only.
wg-2288	Morningness Preference​​	Nutrition & Metabolism	A	D	based on weak behavioral/personality genetics; consumer-friendly name is overconfident; recommended report language is too strong	high	yes	yes	yes	Morningness Preference​​ (Genetic Tendency)	consumer-friendly, non-clinical, with explicit 'weak evidence' disclaimer	Trait based on weak or controversial behavioral/personality genetics. Not recommended for commercial reporting. If reported, must include explicit 'weak evidence' disclaimer.
wg-2344	Mushroom Preference	Nutrition & Metabolism	A	A	trait is non-medical and suitable for Tier A MVP candidate	low	no	yes	no	Mushroom Preference	consumer-friendly, non-clinical	Wellness/non-clinical trait report. Genetic markers are externally unvalidated. Results are probabilistic and for informational purposes only.
wg-2280	Nap Preference​	Nutrition & Metabolism	A	D	based on weak behavioral/personality genetics; consumer-friendly name is overconfident; recommended report language is too strong	high	yes	yes	yes	Nap Preference​ (Genetic Tendency)	consumer-friendly, non-clinical, with explicit 'weak evidence' disclaimer	Trait based on weak or controversial behavioral/personality genetics. Not recommended for commercial reporting. If reported, must include explicit 'weak evidence' disclaimer.
wg-2320	Onion Preference	Nutrition & Metabolism	A	A	trait is non-medical and suitable for Tier A MVP candidate	low	no	yes	no	Onion Preference	consumer-friendly, non-clinical	Wellness/non-clinical trait report. Genetic markers are externally unvalidated. Results are probabilistic and for informational purposes only.
wg-2319	Orange Juice Preference	Nutrition & Metabolism	A	A	trait is non-medical and suitable for Tier A MVP candidate	low	no	yes	no	Orange Juice Preference	consumer-friendly, non-clinical	Wellness/non-clinical trait report. Genetic markers are externally unvalidated. Results are probabilistic and for informational purposes only.
wg-2318	Oranges Preference	Nutrition & Metabolism	A	A	trait is non-medical and suitable for Tier A MVP candidate	low	no	yes	no	Oranges Preference	consumer-friendly, non-clinical	Wellness/non-clinical trait report. Genetic markers are externally unvalidated. Results are probabilistic and for informational purposes only.
wg-2316	Pears Preference	Nutrition & Metabolism	A	A	trait is non-medical and suitable for Tier A MVP candidate	low	no	yes	no	Pears Preference	consumer-friendly, non-clinical	Wellness/non-clinical trait report. Genetic markers are externally unvalidated. Results are probabilistic and for informational purposes only.
wg-2312	Pizza Preference	Nutrition & Metabolism	A	A	trait is non-medical and suitable for Tier A MVP candidate	low	no	yes	no	Pizza Preference	consumer-friendly, non-clinical	Wellness/non-clinical trait report. Genetic markers are externally unvalidated. Results are probabilistic and for informational purposes only.
wg-2314	Plums Preference	Nutrition & Metabolism	A	A	trait is non-medical and suitable for Tier A MVP candidate	low	no	yes	no	Plums Preference	consumer-friendly, non-clinical	Wellness/non-clinical trait report. Genetic markers are externally unvalidated. Results are probabilistic and for informational purposes only.
wg-2368	Pollock Preference	Nutrition & Metabolism	A	A	trait is non-medical and suitable for Tier A MVP candidate	low	no	yes	no	Pollock Preference	consumer-friendly, non-clinical	Wellness/non-clinical trait report. Genetic markers are externally unvalidated. Results are probabilistic and for informational purposes only.
wg-2328	Pork Preference	Nutrition & Metabolism	A	A	trait is non-medical and suitable for Tier A MVP candidate	low	no	yes	no	Pork Preference	consumer-friendly, non-clinical	Wellness/non-clinical trait report. Genetic markers are externally unvalidated. Results are probabilistic and for informational purposes only.
wg-2372	Porridge Preference	Nutrition & Metabolism	A	A	trait is non-medical and suitable for Tier A MVP candidate	low	no	yes	no	Porridge Preference	consumer-friendly, non-clinical	Wellness/non-clinical trait report. Genetic markers are externally unvalidated. Results are probabilistic and for informational purposes only.
wg-2313	Prawns Preference	Nutrition & Metabolism	A	A	trait is non-medical and suitable for Tier A MVP candidate	low	no	yes	no	Prawns Preference	consumer-friendly, non-clinical	Wellness/non-clinical trait report. Genetic markers are externally unvalidated. Results are probabilistic and for informational purposes only.
wg-2399	Raw Carrots Preference	Nutrition & Metabolism	A	A	trait is non-medical and suitable for Tier A MVP candidate	low	no	yes	no	Raw Carrots Preference	consumer-friendly, non-clinical	Wellness/non-clinical trait report. Genetic markers are externally unvalidated. Results are probabilistic and for informational purposes only.
wg-2402	Red Wine Preference	Nutrition & Metabolism	A	A	trait is non-medical and suitable for Tier A MVP candidate	low	no	yes	no	Red Wine Preference	consumer-friendly, non-clinical	Wellness/non-clinical trait report. Genetic markers are externally unvalidated. Results are probabilistic and for informational purposes only.
wg-2325	Roast Chicken Preference	Nutrition & Metabolism	A	A	trait is non-medical and suitable for Tier A MVP candidate	low	no	yes	no	Roast Chicken Preference	consumer-friendly, non-clinical	Wellness/non-clinical trait report. Genetic markers are externally unvalidated. Results are probabilistic and for informational purposes only.
wg-2371	Salad Dressing Preference	Nutrition & Metabolism	A	A	trait is non-medical and suitable for Tier A MVP candidate	low	no	yes	no	Salad Dressing Preference	consumer-friendly, non-clinical	Wellness/non-clinical trait report. Genetic markers are externally unvalidated. Results are probabilistic and for informational purposes only.
wg-2411	Salami Preference	Nutrition & Metabolism	A	A	trait is non-medical and suitable for Tier A MVP candidate	low	no	yes	no	Salami Preference	consumer-friendly, non-clinical	Wellness/non-clinical trait report. Genetic markers are externally unvalidated. Results are probabilistic and for informational purposes only.
wg-2360	Salmon Preference	Nutrition & Metabolism	A	A	trait is non-medical and suitable for Tier A MVP candidate	low	no	yes	no	Salmon Preference	consumer-friendly, non-clinical	Wellness/non-clinical trait report. Genetic markers are externally unvalidated. Results are probabilistic and for informational purposes only.
wg-2332	Salt Preference	Nutrition & Metabolism	A	A	trait is non-medical and suitable for Tier A MVP candidate	low	no	yes	no	Salt Preference	consumer-friendly, non-clinical	Wellness/non-clinical trait report. Genetic markers are externally unvalidated. Results are probabilistic and for informational purposes only.
wg-2412	Salty Pretzels Preference	Nutrition & Metabolism	A	A	trait is non-medical and suitable for Tier A MVP candidate	low	no	yes	no	Salty Pretzels Preference	consumer-friendly, non-clinical	Wellness/non-clinical trait report. Genetic markers are externally unvalidated. Results are probabilistic and for informational purposes only.
wg-2370	Sardines Preference	Nutrition & Metabolism	A	A	trait is non-medical and suitable for Tier A MVP candidate	low	no	yes	no	Sardines Preference	consumer-friendly, non-clinical	Wellness/non-clinical trait report. Genetic markers are externally unvalidated. Results are probabilistic and for informational purposes only.
wg-2353	Sausages Preference	Nutrition & Metabolism	A	A	trait is non-medical and suitable for Tier A MVP candidate	low	no	yes	no	Sausages Preference	consumer-friendly, non-clinical	Wellness/non-clinical trait report. Genetic markers are externally unvalidated. Results are probabilistic and for informational purposes only.
wg-2391	Savory Biscuits Preference	Nutrition & Metabolism	A	A	trait is non-medical and suitable for Tier A MVP candidate	low	no	yes	no	Savory Biscuits Preference	consumer-friendly, non-clinical	Wellness/non-clinical trait report. Genetic markers are externally unvalidated. Results are probabilistic and for informational purposes only.
wg-2278	Sedentary Preference​​	Nutrition & Metabolism	A	D	based on weak behavioral/personality genetics; consumer-friendly name is overconfident; recommended report language is too strong	high	yes	yes	yes	Sedentary Preference​​ (Genetic Tendency)	consumer-friendly, non-clinical, with explicit 'weak evidence' disclaimer	Trait based on weak or controversial behavioral/personality genetics. Not recommended for commercial reporting. If reported, must include explicit 'weak evidence' disclaimer.
wg-2326	Smoked Fish Preference	Nutrition & Metabolism	A	A	trait is non-medical and suitable for Tier A MVP candidate	low	no	yes	no	Smoked Fish Preference	consumer-friendly, non-clinical	Wellness/non-clinical trait report. Genetic markers are externally unvalidated. Results are probabilistic and for informational purposes only.
wg-2341	Spinach Preference	Nutrition & Metabolism	A	A	trait is non-medical and suitable for Tier A MVP candidate	low	no	yes	no	Spinach Preference	consumer-friendly, non-clinical	Wellness/non-clinical trait report. Genetic markers are externally unvalidated. Results are probabilistic and for informational purposes only.
wg-2289	Sun-Seeking Preference	Nutrition & Metabolism	A	D	based on weak behavioral/personality genetics; consumer-friendly name is overconfident; recommended report language is too strong	high	yes	yes	yes	Sun-Seeking Preference (Genetic Tendency)	consumer-friendly, non-clinical, with explicit 'weak evidence' disclaimer	Trait based on weak or controversial behavioral/personality genetics. Not recommended for commercial reporting. If reported, must include explicit 'weak evidence' disclaimer.
wg-2363	Tea with Sugar Preference	Nutrition & Metabolism	A	A	trait is non-medical and suitable for Tier A MVP candidate	low	no	yes	no	Tea with Sugar Preference	consumer-friendly, non-clinical	Wellness/non-clinical trait report. Genetic markers are externally unvalidated. Results are probabilistic and for informational purposes only.
wg-2367	Tea without Sugar Preference	Nutrition & Metabolism	A	A	trait is non-medical and suitable for Tier A MVP candidate	low	no	yes	no	Tea without Sugar Preference	consumer-friendly, non-clinical	Wellness/non-clinical trait report. Genetic markers are externally unvalidated. Results are probabilistic and for informational purposes only.
wg-2410	Tinned Tuna Preference	Nutrition & Metabolism	A	A	trait is non-medical and suitable for Tier A MVP candidate	low	no	yes	no	Tinned Tuna Preference	consumer-friendly, non-clinical	Wellness/non-clinical trait report. Genetic markers are externally unvalidated. Results are probabilistic and for informational purposes only.
wg-2331	Tomatoes Preference	Nutrition & Metabolism	A	A	trait is non-medical and suitable for Tier A MVP candidate	low	no	yes	no	Tomatoes Preference	consumer-friendly, non-clinical	Wellness/non-clinical trait report. Genetic markers are externally unvalidated. Results are probabilistic and for informational purposes only.
wg-2334	Turnip Preference	Nutrition & Metabolism	A	A	trait is non-medical and suitable for Tier A MVP candidate	low	no	yes	no	Turnip Preference	consumer-friendly, non-clinical	Wellness/non-clinical trait report. Genetic markers are externally unvalidated. Results are probabilistic and for informational purposes only.
wg-2352	Vinegar Preference	Nutrition & Metabolism	A	A	trait is non-medical and suitable for Tier A MVP candidate	low	no	yes	no	Vinegar Preference	consumer-friendly, non-clinical	Wellness/non-clinical trait report. Genetic markers are externally unvalidated. Results are probabilistic and for informational purposes only.
wg-256	Vitamin A Nutritional Requirement	Nutrition & Metabolism	A	C	trait may imply disease risk, diagnosis, or medical condition; consumer-friendly name is overconfident; recommended report language is too strong	high	yes	yes	yes	Vitamin A Nutritional Association	clinical, requires professional review — not for direct-to-consumer reporting	Sensitive trait — may imply medical condition or drug response. Requires clinical, regulatory, and ethical review. Not for direct-to-consumer reporting without professional oversight.
wg-253	Vitamin B12 Nutritional Requirement	Nutrition & Metabolism	A	C	trait may imply disease risk, diagnosis, or medical condition; consumer-friendly name is overconfident; recommended report language is too strong	high	yes	yes	yes	Vitamin B12 Nutritional Association	clinical, requires professional review — not for direct-to-consumer reporting	Sensitive trait — may imply medical condition or drug response. Requires clinical, regulatory, and ethical review. Not for direct-to-consumer reporting without professional oversight.
wg-1705	Vitamin B2 Nutritional Requirement	Nutrition & Metabolism	A	C	trait may imply disease risk, diagnosis, or medical condition; consumer-friendly name is overconfident; recommended report language is too strong	high	yes	yes	yes	Vitamin B2 Nutritional Association	clinical, requires professional review — not for direct-to-consumer reporting	Sensitive trait — may imply medical condition or drug response. Requires clinical, regulatory, and ethical review. Not for direct-to-consumer reporting without professional oversight.
wg-1702	Vitamin B6 Nutritional Requirement	Nutrition & Metabolism	A	C	trait may imply disease risk, diagnosis, or medical condition; consumer-friendly name is overconfident; recommended report language is too strong	high	yes	yes	yes	Vitamin B6 Nutritional Association	clinical, requires professional review — not for direct-to-consumer reporting	Sensitive trait — may imply medical condition or drug response. Requires clinical, regulatory, and ethical review. Not for direct-to-consumer reporting without professional oversight.
wg-1700	Vitamin C Nutritional Requirement	Nutrition & Metabolism	A	C	trait may imply disease risk, diagnosis, or medical condition; consumer-friendly name is overconfident; recommended report language is too strong	high	yes	yes	yes	Vitamin C Nutritional Association	clinical, requires professional review — not for direct-to-consumer reporting	Sensitive trait — may imply medical condition or drug response. Requires clinical, regulatory, and ethical review. Not for direct-to-consumer reporting without professional oversight.
wg-1703	Vitamin D Nutritional Requirement	Nutrition & Metabolism	A	C	trait may imply disease risk, diagnosis, or medical condition; consumer-friendly name is overconfident; recommended report language is too strong	high	yes	yes	yes	Vitamin D Nutritional Association	clinical, requires professional review — not for direct-to-consumer reporting	Sensitive trait — may imply medical condition or drug response. Requires clinical, regulatory, and ethical review. Not for direct-to-consumer reporting without professional oversight.
wg-250	Vitamin E Nutritional Requirement	Nutrition & Metabolism	A	C	trait may imply disease risk, diagnosis, or medical condition; consumer-friendly name is overconfident; recommended report language is too strong	high	yes	yes	yes	Vitamin E Nutritional Association	clinical, requires professional review — not for direct-to-consumer reporting	Sensitive trait — may imply medical condition or drug response. Requires clinical, regulatory, and ethical review. Not for direct-to-consumer reporting without professional oversight.
wg-1701	Vitamin K Nutritional Requirement	Nutrition & Metabolism	A	C	trait may imply disease risk, diagnosis, or medical condition; consumer-friendly name is overconfident; recommended report language is too strong	high	yes	yes	yes	Vitamin K Nutritional Association	clinical, requires professional review — not for direct-to-consumer reporting	Sensitive trait — may imply medical condition or drug response. Requires clinical, regulatory, and ethical review. Not for direct-to-consumer reporting without professional oversight.
wg-2335	Wasabi Preference	Nutrition & Metabolism	A	A	trait is non-medical and suitable for Tier A MVP candidate	low	no	yes	no	Wasabi Preference	consumer-friendly, non-clinical	Wellness/non-clinical trait report. Genetic markers are externally unvalidated. Results are probabilistic and for informational purposes only.
wg-2365	Whisky Preference	Nutrition & Metabolism	A	A	trait is non-medical and suitable for Tier A MVP candidate	low	no	yes	no	Whisky Preference	consumer-friendly, non-clinical	Wellness/non-clinical trait report. Genetic markers are externally unvalidated. Results are probabilistic and for informational purposes only.
wg-2378	White Bread Preference	Nutrition & Metabolism	A	A	trait is non-medical and suitable for Tier A MVP candidate	low	no	yes	no	White Bread Preference	consumer-friendly, non-clinical	Wellness/non-clinical trait report. Genetic markers are externally unvalidated. Results are probabilistic and for informational purposes only.
wg-2400	White Wine Preference	Nutrition & Metabolism	A	A	trait is non-medical and suitable for Tier A MVP candidate	low	no	yes	no	White Wine Preference	consumer-friendly, non-clinical	Wellness/non-clinical trait report. Genetic markers are externally unvalidated. Results are probabilistic and for informational purposes only.
wg-2408	Whole Grain Cereals Preference	Nutrition & Metabolism	A	A	trait is non-medical and suitable for Tier A MVP candidate	low	no	yes	no	Whole Grain Cereals Preference	consumer-friendly, non-clinical	Wellness/non-clinical trait report. Genetic markers are externally unvalidated. Results are probabilistic and for informational purposes only.
wg-1704	Zinc Nutritional Requirement	Nutrition & Metabolism	A	C	trait may imply disease risk, diagnosis, or medical condition; consumer-friendly name is overconfident; recommended report language is too strong	high	yes	yes	yes	Zinc Nutritional Association	clinical, requires professional review — not for direct-to-consumer reporting	Sensitive trait — may imply medical condition or drug response. Requires clinical, regulatory, and ethical review. Not for direct-to-consumer reporting without professional oversight.
wg-262	ABO Blood Group	Other/Unclassified	A	C	trait may imply disease risk, diagnosis, or medical condition; recommended report language is too strong	high	yes	yes	yes	ABO Blood Group	clinical, requires professional review — not for direct-to-consumer reporting	Sensitive trait — may imply medical condition or drug response. Requires clinical, regulatory, and ethical review. Not for direct-to-consumer reporting without professional oversight.
wg-348	APOE Genotype	Other/Unclassified	A	C	trait may imply disease risk, diagnosis, or medical condition; recommended report language is too strong	high	yes	yes	yes	APOE Genotype	clinical, requires professional review — not for direct-to-consumer reporting	Sensitive trait — may imply medical condition or drug response. Requires clinical, regulatory, and ethical review. Not for direct-to-consumer reporting without professional oversight.
wg-244	Absolute Pitch	Other/Unclassified	A	A	trait is non-medical and suitable for Tier A MVP candidate	low	no	yes	no	Absolute Pitch	consumer-friendly, non-clinical	Wellness/non-clinical trait report. Genetic markers are externally unvalidated. Results are probabilistic and for informational purposes only.
wg-34	Autosomal Dominant Compelling Helio-Ophthalmic Outburst (ACHOO) Syndrome	Other/Unclassified	A	C	trait may imply disease risk, diagnosis, or medical condition; recommended report language is too strong	high	yes	yes	yes	Autosomal Dominant Compelling Helio-Ophthalmic Outburst (ACHOO) Syndrome	clinical, requires professional review — not for direct-to-consumer reporting	Sensitive trait — may imply medical condition or drug response. Requires clinical, regulatory, and ethical review. Not for direct-to-consumer reporting without professional oversight.
wg-2	Bitter Sensitivity	Other/Unclassified	A	C	trait may imply disease risk, diagnosis, or medical condition; recommended report language is too strong	high	yes	yes	yes	Bitter Sensitivity	clinical, requires professional review — not for direct-to-consumer reporting	Sensitive trait — may imply medical condition or drug response. Requires clinical, regulatory, and ethical review. Not for direct-to-consumer reporting without professional oversight.
wg-3	Ear Wax	Other/Unclassified	A	A	trait is non-medical and suitable for Tier A MVP candidate	low	no	yes	no	Ear Wax	consumer-friendly, non-clinical	Wellness/non-clinical trait report. Genetic markers are externally unvalidated. Results are probabilistic and for informational purposes only.
wg-2287	Educational Attainment	Other/Unclassified	A	D	based on weak behavioral/personality genetics; consumer-friendly name is overconfident; recommended report language is too strong	high	yes	yes	yes	Educational Attainment (Genetic Tendency)	consumer-friendly, non-clinical, with explicit 'weak evidence' disclaimer	Trait based on weak or controversial behavioral/personality genetics. Not recommended for commercial reporting. If reported, must include explicit 'weak evidence' disclaimer.
wg-17	Fasting Plasma Glucose Levels	Other/Unclassified	A	C	trait may imply disease risk, diagnosis, or medical condition; recommended report language is too strong	high	yes	yes	yes	Fasting Plasma Glucose Levels	clinical, requires professional review — not for direct-to-consumer reporting	Sensitive trait — may imply medical condition or drug response. Requires clinical, regulatory, and ethical review. Not for direct-to-consumer reporting without professional oversight.
wg-2301	Frailty Tendency	Other/Unclassified	A	C	trait may imply disease risk, diagnosis, or medical condition; recommended report language is too strong	high	yes	yes	yes	Frailty Tendency	clinical, requires professional review — not for direct-to-consumer reporting	Sensitive trait — may imply medical condition or drug response. Requires clinical, regulatory, and ethical review. Not for direct-to-consumer reporting without professional oversight.
wg-2291	Free Earlobe Tendency	Other/Unclassified	A	A	trait is non-medical and suitable for Tier A MVP candidate	low	no	yes	no	Free Earlobe Tendency	consumer-friendly, non-clinical	Wellness/non-clinical trait report. Genetic markers are externally unvalidated. Results are probabilistic and for informational purposes only.
wg-2305	Hand 2D-to-4D Ratio​	Other/Unclassified	A	A	trait is non-medical and suitable for Tier A MVP candidate	low	no	yes	no	Hand 2D-to-4D Ratio​	consumer-friendly, non-clinical	Wellness/non-clinical trait report. Genetic markers are externally unvalidated. Results are probabilistic and for informational purposes only.
wg-2283	Large Nail Plate Tendency	Other/Unclassified	A	A	trait is non-medical and suitable for Tier A MVP candidate	low	no	yes	no	Large Nail Plate Tendency	consumer-friendly, non-clinical	Wellness/non-clinical trait report. Genetic markers are externally unvalidated. Results are probabilistic and for informational purposes only.
wg-2304	Leadership Ability​​	Other/Unclassified	A	D	based on weak behavioral/personality genetics; consumer-friendly name is overconfident; recommended report language is too strong	high	yes	yes	yes	Leadership Ability​​ (Genetic Tendency)	consumer-friendly, non-clinical, with explicit 'weak evidence' disclaimer	Trait based on weak or controversial behavioral/personality genetics. Not recommended for commercial reporting. If reported, must include explicit 'weak evidence' disclaimer.
wg-2285	Leisure Screen Time	Other/Unclassified	A	D	based on weak behavioral/personality genetics; consumer-friendly name is overconfident; recommended report language is too strong	high	yes	yes	yes	Leisure Screen Time (Genetic Tendency)	consumer-friendly, non-clinical, with explicit 'weak evidence' disclaimer	Trait based on weak or controversial behavioral/personality genetics. Not recommended for commercial reporting. If reported, must include explicit 'weak evidence' disclaimer.
wg-2302	Long Lifespan Tendency	Other/Unclassified	A	C	trait may imply disease risk, diagnosis, or medical condition; recommended report language is too strong	high	yes	yes	yes	Long Lifespan Tendency	clinical, requires professional review — not for direct-to-consumer reporting	Sensitive trait — may imply medical condition or drug response. Requires clinical, regulatory, and ethical review. Not for direct-to-consumer reporting without professional oversight.
wg-2300	Occupational Artistic Creativity	Other/Unclassified	A	D	based on weak behavioral/personality genetics; consumer-friendly name is overconfident; recommended report language is too strong	high	yes	yes	yes	Occupational Artistic Creativity (Genetic Tendency)	consumer-friendly, non-clinical, with explicit 'weak evidence' disclaimer	Trait based on weak or controversial behavioral/personality genetics. Not recommended for commercial reporting. If reported, must include explicit 'weak evidence' disclaimer.
wg-2298	Occupational Attainment	Other/Unclassified	A	D	based on weak behavioral/personality genetics; consumer-friendly name is overconfident; recommended report language is too strong	high	yes	yes	yes	Occupational Attainment (Genetic Tendency)	consumer-friendly, non-clinical, with explicit 'weak evidence' disclaimer	Trait based on weak or controversial behavioral/personality genetics. Not recommended for commercial reporting. If reported, must include explicit 'weak evidence' disclaimer.
wg-2294	Occupational Scientific Creativity	Other/Unclassified	A	D	based on weak behavioral/personality genetics; consumer-friendly name is overconfident; recommended report language is too strong	high	yes	yes	yes	Occupational Scientific Creativity (Genetic Tendency)	consumer-friendly, non-clinical, with explicit 'weak evidence' disclaimer	Trait based on weak or controversial behavioral/personality genetics. Not recommended for commercial reporting. If reported, must include explicit 'weak evidence' disclaimer.
wg-2286	Stool Frequency​​	Other/Unclassified	A	C	trait may imply disease risk, diagnosis, or medical condition; recommended report language is too strong	high	yes	yes	yes	Stool Frequency​​	clinical, requires professional review — not for direct-to-consumer reporting	Sensitive trait — may imply medical condition or drug response. Requires clinical, regulatory, and ethical review. Not for direct-to-consumer reporting without professional oversight.
wg-2295	Telomere Length	Other/Unclassified	A	C	trait may imply disease risk, diagnosis, or medical condition; recommended report language is too strong	high	yes	yes	yes	Telomere Length	clinical, requires professional review — not for direct-to-consumer reporting	Sensitive trait — may imply medical condition or drug response. Requires clinical, regulatory, and ethical review. Not for direct-to-consumer reporting without professional oversight.
wg-170	Tendency to Avoid Mistakes May be good at avoiding mistakes	Other/Unclassified	A	D	based on weak behavioral/personality genetics; consumer-friendly name is overconfident; recommended report language is too strong	high	yes	yes	yes	Tendency to Avoid Mistakes May be good at avoiding mistakes	consumer-friendly, non-clinical, with explicit 'weak evidence' disclaimer	Trait based on weak or controversial behavioral/personality genetics. Not recommended for commercial reporting. If reported, must include explicit 'weak evidence' disclaimer.
wg-2277	Unibrow Tendency	Other/Unclassified	A	A	trait is non-medical and suitable for Tier A MVP candidate	low	no	yes	no	Unibrow Tendency	consumer-friendly, non-clinical	Wellness/non-clinical trait report. Genetic markers are externally unvalidated. Results are probabilistic and for informational purposes only.
wg-2297	Widow's Peak Tendency	Other/Unclassified	A	A	trait is non-medical and suitable for Tier A MVP candidate	low	no	yes	no	Widow's Peak Tendency	consumer-friendly, non-clinical	Wellness/non-clinical trait report. Genetic markers are externally unvalidated. Results are probabilistic and for informational purposes only.
wg-1527	Ability To Resist Acne	Skin & Appearance	A	C	trait may imply disease risk, diagnosis, or medical condition; recommended report language is too strong	high	yes	yes	yes	Ability To Resist Acne	clinical, requires professional review — not for direct-to-consumer reporting	Sensitive trait — may imply medical condition or drug response. Requires clinical, regulatory, and ethical review. Not for direct-to-consumer reporting without professional oversight.
wg-1568	Ability To Resist Cellulite	Skin & Appearance	A	C	trait may imply disease risk, diagnosis, or medical condition; recommended report language is too strong	high	yes	yes	yes	Ability To Resist Cellulite	clinical, requires professional review — not for direct-to-consumer reporting	Sensitive trait — may imply medical condition or drug response. Requires clinical, regulatory, and ethical review. Not for direct-to-consumer reporting without professional oversight.
wg-1567	Ability To Resist Rosacea	Skin & Appearance	A	C	trait may imply disease risk, diagnosis, or medical condition; recommended report language is too strong	high	yes	yes	yes	Ability To Resist Rosacea	clinical, requires professional review — not for direct-to-consumer reporting	Sensitive trait — may imply medical condition or drug response. Requires clinical, regulatory, and ethical review. Not for direct-to-consumer reporting without professional oversight.
wg-1556	Ability To Resist Senile Plaques	Skin & Appearance	A	C	trait may imply disease risk, diagnosis, or medical condition; recommended report language is too strong	high	yes	yes	yes	Ability To Resist Senile Plaques	clinical, requires professional review — not for direct-to-consumer reporting	Sensitive trait — may imply medical condition or drug response. Requires clinical, regulatory, and ethical review. Not for direct-to-consumer reporting without professional oversight.
wg-1565	Ability To Resist Sunburn	Skin & Appearance	A	C	trait may imply disease risk, diagnosis, or medical condition; recommended report language is too strong	high	yes	yes	yes	Ability To Resist Sunburn	clinical, requires professional review — not for direct-to-consumer reporting	Sensitive trait — may imply medical condition or drug response. Requires clinical, regulatory, and ethical review. Not for direct-to-consumer reporting without professional oversight.
wg-1569	Ability To Resist Varicose Veins	Skin & Appearance	A	C	trait may imply disease risk, diagnosis, or medical condition; recommended report language is too strong	high	yes	yes	yes	Ability To Resist Varicose Veins	clinical, requires professional review — not for direct-to-consumer reporting	Sensitive trait — may imply medical condition or drug response. Requires clinical, regulatory, and ethical review. Not for direct-to-consumer reporting without professional oversight.
wg-1525	Anti-Freckle Ability	Skin & Appearance	A	C	trait may imply disease risk, diagnosis, or medical condition; recommended report language is too strong	high	yes	yes	yes	Anti-Freckle Ability	clinical, requires professional review — not for direct-to-consumer reporting	Sensitive trait — may imply medical condition or drug response. Requires clinical, regulatory, and ethical review. Not for direct-to-consumer reporting without professional oversight.
wg-1524	Anti-Glycation Ability	Skin & Appearance	A	C	trait may imply disease risk, diagnosis, or medical condition; recommended report language is too strong	high	yes	yes	yes	Anti-Glycation Ability	clinical, requires professional review — not for direct-to-consumer reporting	Sensitive trait — may imply medical condition or drug response. Requires clinical, regulatory, and ethical review. Not for direct-to-consumer reporting without professional oversight.
wg-1694	Anti-Sagging Eyelid Ability	Skin & Appearance	A	C	trait may imply disease risk, diagnosis, or medical condition; recommended report language is too strong	high	yes	yes	yes	Anti-Sagging Eyelid Ability	clinical, requires professional review — not for direct-to-consumer reporting	Sensitive trait — may imply medical condition or drug response. Requires clinical, regulatory, and ethical review. Not for direct-to-consumer reporting without professional oversight.
wg-1664	Anti-Skin Photoaging Ability	Skin & Appearance	A	C	trait may imply disease risk, diagnosis, or medical condition; recommended report language is too strong	high	yes	yes	yes	Anti-Skin Photoaging Ability	clinical, requires professional review — not for direct-to-consumer reporting	Sensitive trait — may imply medical condition or drug response. Requires clinical, regulatory, and ethical review. Not for direct-to-consumer reporting without professional oversight.
wg-1693	Anti-Skin Wrinkle Ability	Skin & Appearance	A	C	trait may imply disease risk, diagnosis, or medical condition; recommended report language is too strong	high	yes	yes	yes	Anti-Skin Wrinkle Ability	clinical, requires professional review — not for direct-to-consumer reporting	Sensitive trait — may imply medical condition or drug response. Requires clinical, regulatory, and ethical review. Not for direct-to-consumer reporting without professional oversight.
wg-1522	Anti-Tanning Reaction Ability	Skin & Appearance	A	C	trait may imply disease risk, diagnosis, or medical condition; recommended report language is too strong	high	yes	yes	yes	Anti-Tanning Reaction Ability	clinical, requires professional review — not for direct-to-consumer reporting	Sensitive trait — may imply medical condition or drug response. Requires clinical, regulatory, and ethical review. Not for direct-to-consumer reporting without professional oversight.
wg-1523	Antioxidant Ability	Skin & Appearance	A	C	trait may imply disease risk, diagnosis, or medical condition; recommended report language is too strong	high	yes	yes	yes	Antioxidant Ability	clinical, requires professional review — not for direct-to-consumer reporting	Sensitive trait — may imply medical condition or drug response. Requires clinical, regulatory, and ethical review. Not for direct-to-consumer reporting without professional oversight.
wg-1695	Collagen Retention Ability	Skin & Appearance	A	C	trait may imply disease risk, diagnosis, or medical condition; recommended report language is too strong	high	yes	yes	yes	Collagen Retention Ability	clinical, requires professional review — not for direct-to-consumer reporting	Sensitive trait — may imply medical condition or drug response. Requires clinical, regulatory, and ethical review. Not for direct-to-consumer reporting without professional oversight.
wg-1526	Skin Moisturizing Ability	Skin & Appearance	A	C	trait may imply disease risk, diagnosis, or medical condition; recommended report language is too strong	high	yes	yes	yes	Skin Moisturizing Ability	clinical, requires professional review — not for direct-to-consumer reporting	Sensitive trait — may imply medical condition or drug response. Requires clinical, regulatory, and ethical review. Not for direct-to-consumer reporting without professional oversight.
wg-1566	Skin Oil Control Ability	Skin & Appearance	A	C	trait may imply disease risk, diagnosis, or medical condition; recommended report language is too strong	high	yes	yes	yes	Skin Oil Control Ability	clinical, requires professional review — not for direct-to-consumer reporting	Sensitive trait — may imply medical condition or drug response. Requires clinical, regulatory, and ethical review. Not for direct-to-consumer reporting without professional oversight.
wg-1714	Agreeableness	Traits & Personality	A	D	based on weak behavioral/personality genetics; consumer-friendly name is overconfident; recommended report language is too strong	high	yes	yes	yes	Agreeableness (Genetic Tendency)	consumer-friendly, non-clinical, with explicit 'weak evidence' disclaimer	Trait based on weak or controversial behavioral/personality genetics. Not recommended for commercial reporting. If reported, must include explicit 'weak evidence' disclaimer.
wg-1708	Anti-Aggression	Traits & Personality	A	D	based on weak behavioral/personality genetics; consumer-friendly name is overconfident; recommended report language is too strong	high	yes	yes	yes	Anti-Aggression (Genetic Tendency)	consumer-friendly, non-clinical, with explicit 'weak evidence' disclaimer	Trait based on weak or controversial behavioral/personality genetics. Not recommended for commercial reporting. If reported, must include explicit 'weak evidence' disclaimer.
wg-1563	Anti-Anxiety Ability	Traits & Personality	A	C	trait may imply disease risk, diagnosis, or medical condition; based on weak behavioral/personality genetics; consumer-friendly name is overconfident; recommended report language is too strong	high	yes	yes	yes	Anti-Anxiety Ability (Genetic Tendency)	clinical, requires professional review — not for direct-to-consumer reporting	Sensitive trait — may imply medical condition or drug response. Requires clinical, regulatory, and ethical review. Not for direct-to-consumer reporting without professional oversight.
wg-1715	Anti-Loneliness	Traits & Personality	A	C	trait may imply disease risk, diagnosis, or medical condition; based on weak behavioral/personality genetics; consumer-friendly name is overconfident; recommended report language is too strong	high	yes	yes	yes	Anti-Loneliness (Genetic Tendency)	clinical, requires professional review — not for direct-to-consumer reporting	Sensitive trait — may imply medical condition or drug response. Requires clinical, regulatory, and ethical review. Not for direct-to-consumer reporting without professional oversight.
wg-1716	Anti-Social Anxiety Disorder Ability	Traits & Personality	A	C	trait may imply disease risk, diagnosis, or medical condition; based on weak behavioral/personality genetics; recommended report language is too strong	high	yes	yes	yes	Anti-Social Anxiety Disorder Ability	clinical, requires professional review — not for direct-to-consumer reporting	Sensitive trait — may imply medical condition or drug response. Requires clinical, regulatory, and ethical review. Not for direct-to-consumer reporting without professional oversight.
wg-1721	Conscientiousness	Traits & Personality	A	D	based on weak behavioral/personality genetics; consumer-friendly name is overconfident; recommended report language is too strong	high	yes	yes	yes	Conscientiousness (Genetic Tendency)	consumer-friendly, non-clinical, with explicit 'weak evidence' disclaimer	Trait based on weak or controversial behavioral/personality genetics. Not recommended for commercial reporting. If reported, must include explicit 'weak evidence' disclaimer.
wg-1562	Delayed Gratification	Traits & Personality	A	D	based on weak behavioral/personality genetics; consumer-friendly name is overconfident; recommended report language is too strong	high	yes	yes	yes	Delayed Gratification (Genetic Tendency)	consumer-friendly, non-clinical, with explicit 'weak evidence' disclaimer	Trait based on weak or controversial behavioral/personality genetics. Not recommended for commercial reporting. If reported, must include explicit 'weak evidence' disclaimer.
wg-1559	Emotional Stability	Traits & Personality	A	D	based on weak behavioral/personality genetics; consumer-friendly name is overconfident; recommended report language is too strong	high	yes	yes	yes	Emotional Stability (Genetic Tendency)	consumer-friendly, non-clinical, with explicit 'weak evidence' disclaimer	Trait based on weak or controversial behavioral/personality genetics. Not recommended for commercial reporting. If reported, must include explicit 'weak evidence' disclaimer.
wg-1560	Empathy	Traits & Personality	A	D	based on weak behavioral/personality genetics; consumer-friendly name is overconfident; recommended report language is too strong	high	yes	yes	yes	Empathy (Genetic Tendency)	consumer-friendly, non-clinical, with explicit 'weak evidence' disclaimer	Trait based on weak or controversial behavioral/personality genetics. Not recommended for commercial reporting. If reported, must include explicit 'weak evidence' disclaimer.
wg-1723	Episodic Memory Ability	Traits & Personality	A	D	based on weak behavioral/personality genetics; consumer-friendly name is overconfident; recommended report language is too strong	high	yes	yes	yes	Episodic Memory Ability (Genetic Tendency)	consumer-friendly, non-clinical, with explicit 'weak evidence' disclaimer	Trait based on weak or controversial behavioral/personality genetics. Not recommended for commercial reporting. If reported, must include explicit 'weak evidence' disclaimer.
wg-1712	Extraversion	Traits & Personality	A	D	based on weak behavioral/personality genetics; consumer-friendly name is overconfident; recommended report language is too strong	high	yes	yes	yes	Extraversion (Genetic Tendency)	consumer-friendly, non-clinical, with explicit 'weak evidence' disclaimer	Trait based on weak or controversial behavioral/personality genetics. Not recommended for commercial reporting. If reported, must include explicit 'weak evidence' disclaimer.
wg-2303	Non-Cognitive Educational Attainment	Traits & Personality	A	D	based on weak behavioral/personality genetics; consumer-friendly name is overconfident; recommended report language is too strong	high	yes	yes	yes	Non-Cognitive Educational Attainment (Genetic Tendency)	consumer-friendly, non-clinical, with explicit 'weak evidence' disclaimer	Trait based on weak or controversial behavioral/personality genetics. Not recommended for commercial reporting. If reported, must include explicit 'weak evidence' disclaimer.
wg-1713	Nonconformity	Traits & Personality	A	D	based on weak behavioral/personality genetics; consumer-friendly name is overconfident; recommended report language is too strong	high	yes	yes	yes	Nonconformity (Genetic Tendency)	consumer-friendly, non-clinical, with explicit 'weak evidence' disclaimer	Trait based on weak or controversial behavioral/personality genetics. Not recommended for commercial reporting. If reported, must include explicit 'weak evidence' disclaimer.
wg-1722	Openness	Traits & Personality	A	D	based on weak behavioral/personality genetics; consumer-friendly name is overconfident; recommended report language is too strong	high	yes	yes	yes	Openness (Genetic Tendency)	consumer-friendly, non-clinical, with explicit 'weak evidence' disclaimer	Trait based on weak or controversial behavioral/personality genetics. Not recommended for commercial reporting. If reported, must include explicit 'weak evidence' disclaimer.
wg-1718	Positive Emotion	Traits & Personality	A	D	based on weak behavioral/personality genetics; consumer-friendly name is overconfident; recommended report language is too strong	high	yes	yes	yes	Positive Emotion (Genetic Tendency)	consumer-friendly, non-clinical, with explicit 'weak evidence' disclaimer	Trait based on weak or controversial behavioral/personality genetics. Not recommended for commercial reporting. If reported, must include explicit 'weak evidence' disclaimer.
wg-1561	Resistance to Job Burnout	Traits & Personality	A	C	trait may imply disease risk, diagnosis, or medical condition; based on weak behavioral/personality genetics; consumer-friendly name is overconfident; recommended report language is too strong	high	yes	yes	yes	Resistance to Job Burnout (Genetic Tendency)	clinical, requires professional review — not for direct-to-consumer reporting	Sensitive trait — may imply medical condition or drug response. Requires clinical, regulatory, and ethical review. Not for direct-to-consumer reporting without professional oversight.
wg-1709	Social Communication Ability	Traits & Personality	A	D	based on weak behavioral/personality genetics; consumer-friendly name is overconfident; recommended report language is too strong	high	yes	yes	yes	Social Communication Ability (Genetic Tendency)	consumer-friendly, non-clinical, with explicit 'weak evidence' disclaimer	Trait based on weak or controversial behavioral/personality genetics. Not recommended for commercial reporting. If reported, must include explicit 'weak evidence' disclaimer.
wg-1717	Spatial Memory Ability	Traits & Personality	A	D	based on weak behavioral/personality genetics; consumer-friendly name is overconfident; recommended report language is too strong	high	yes	yes	yes	Spatial Memory Ability (Genetic Tendency)	consumer-friendly, non-clinical, with explicit 'weak evidence' disclaimer	Trait based on weak or controversial behavioral/personality genetics. Not recommended for commercial reporting. If reported, must include explicit 'weak evidence' disclaimer.
wg-1719	Stress Handling Ability	Traits & Personality	A	C	trait may imply disease risk, diagnosis, or medical condition; based on weak behavioral/personality genetics; consumer-friendly name is overconfident; recommended report language is too strong	high	yes	yes	yes	Stress Handling Ability (Genetic Tendency)	clinical, requires professional review — not for direct-to-consumer reporting	Sensitive trait — may imply medical condition or drug response. Requires clinical, regulatory, and ethical review. Not for direct-to-consumer reporting without professional oversight.
wg-1557	Subjective Well-being	Traits & Personality	A	D	based on weak behavioral/personality genetics; consumer-friendly name is overconfident; recommended report language is too strong	high	yes	yes	yes	Subjective Well-being (Genetic Tendency)	consumer-friendly, non-clinical, with explicit 'weak evidence' disclaimer	Trait based on weak or controversial behavioral/personality genetics. Not recommended for commercial reporting. If reported, must include explicit 'weak evidence' disclaimer.
wg-1724	Verbal Memory Ability	Traits & Personality	A	D	based on weak behavioral/personality genetics; consumer-friendly name is overconfident; recommended report language is too strong	high	yes	yes	yes	Verbal Memory Ability (Genetic Tendency)	consumer-friendly, non-clinical, with explicit 'weak evidence' disclaimer	Trait based on weak or controversial behavioral/personality genetics. Not recommended for commercial reporting. If reported, must include explicit 'weak evidence' disclaimer.
wg-2281	Curly Hair Tendency	Visible Traits	A	A	trait is non-medical and suitable for Tier A MVP candidate	low	no	yes	no	Curly Hair Tendency	consumer-friendly, non-clinical	Wellness/non-clinical trait report. Genetic markers are externally unvalidated. Results are probabilistic and for informational purposes only.
wg-2284	Dense Hair Tendency	Visible Traits	A	A	trait is non-medical and suitable for Tier A MVP candidate	low	no	yes	no	Dense Hair Tendency	consumer-friendly, non-clinical	Wellness/non-clinical trait report. Genetic markers are externally unvalidated. Results are probabilistic and for informational purposes only.
wg-2282	Double Eyelid Tendency	Visible Traits	A	A	trait is non-medical and suitable for Tier A MVP candidate	low	no	yes	no	Double Eyelid Tendency	consumer-friendly, non-clinical	Wellness/non-clinical trait report. Genetic markers are externally unvalidated. Results are probabilistic and for informational purposes only.
wg-1955	Physical Activity x CHD Moderate protective role	Visible Traits	A	C	trait may imply disease risk, diagnosis, or medical condition; recommended report language is too strong	high	yes	yes	yes	Physical Activity x CHD Moderate protective role	clinical, requires professional review — not for direct-to-consumer reporting	Sensitive trait — may imply medical condition or drug response. Requires clinical, regulatory, and ethical review. Not for direct-to-consumer reporting without professional oversight.
wg-1954	Physical Activity x Hypertension Slightly strong protective role	Visible Traits	A	C	trait may imply disease risk, diagnosis, or medical condition; recommended report language is too strong	high	yes	yes	yes	Physical Activity x Hypertension Slightly strong protective role	clinical, requires professional review — not for direct-to-consumer reporting	Sensitive trait — may imply medical condition or drug response. Requires clinical, regulatory, and ethical review. Not for direct-to-consumer reporting without professional oversight.
wg-1953	Physical Activity x T2D Slightly strong protective role	Visible Traits	A	C	trait may imply disease risk, diagnosis, or medical condition; recommended report language is too strong	high	yes	yes	yes	Physical Activity x T2D Slightly strong protective role	clinical, requires professional review — not for direct-to-consumer reporting	Sensitive trait — may imply medical condition or drug response. Requires clinical, regulatory, and ethical review. Not for direct-to-consumer reporting without professional oversight.
wg-2290	Thick Eyebrow Tendency	Visible Traits	A	A	trait is non-medical and suitable for Tier A MVP candidate	low	no	yes	no	Thick Eyebrow Tendency	consumer-friendly, non-clinical	Wellness/non-clinical trait report. Genetic markers are externally unvalidated. Results are probabilistic and for informational purposes only.
wg-1440	Deep Sleep	Wellness & Fitness	A	A	trait is non-medical and suitable for Tier A MVP candidate	low	no	yes	no	Deep Sleep	consumer-friendly, non-clinical	Wellness/non-clinical trait report. Genetic markers are externally unvalidated. Results are probabilistic and for informational purposes only.
wg-1940	Drinking x Bladder Cancer	Wellness & Fitness	A	C	trait may imply disease risk, diagnosis, or medical condition; trait may imply drug response or pharmacogenomics; recommended report language is too strong	high	yes	yes	yes	Drinking x Bladder Cancer	clinical, requires professional review — not for direct-to-consumer reporting	Sensitive trait — may imply medical condition or drug response. Requires clinical, regulatory, and ethical review. Not for direct-to-consumer reporting without professional oversight.
wg-1942	Drinking x CHD	Wellness & Fitness	A	C	trait may imply disease risk, diagnosis, or medical condition; trait may imply drug response or pharmacogenomics; recommended report language is too strong	high	yes	yes	yes	Drinking x CHD	clinical, requires professional review — not for direct-to-consumer reporting	Sensitive trait — may imply medical condition or drug response. Requires clinical, regulatory, and ethical review. Not for direct-to-consumer reporting without professional oversight.
wg-1941	Drinking x Colorectal Cancer	Wellness & Fitness	A	C	trait may imply disease risk, diagnosis, or medical condition; trait may imply drug response or pharmacogenomics; recommended report language is too strong	high	yes	yes	yes	Drinking x Colorectal Cancer	clinical, requires professional review — not for direct-to-consumer reporting	Sensitive trait — may imply medical condition or drug response. Requires clinical, regulatory, and ethical review. Not for direct-to-consumer reporting without professional oversight.
wg-1938	Drinking x Esophagus Cancer	Wellness & Fitness	A	C	trait may imply disease risk, diagnosis, or medical condition; trait may imply drug response or pharmacogenomics; recommended report language is too strong	high	yes	yes	yes	Drinking x Esophagus Cancer	clinical, requires professional review — not for direct-to-consumer reporting	Sensitive trait — may imply medical condition or drug response. Requires clinical, regulatory, and ethical review. Not for direct-to-consumer reporting without professional oversight.
wg-1943	Drinking x Hypertension	Wellness & Fitness	A	C	trait may imply disease risk, diagnosis, or medical condition; trait may imply drug response or pharmacogenomics; recommended report language is too strong	high	yes	yes	yes	Drinking x Hypertension	clinical, requires professional review — not for direct-to-consumer reporting	Sensitive trait — may imply medical condition or drug response. Requires clinical, regulatory, and ethical review. Not for direct-to-consumer reporting without professional oversight.
wg-1944	Drinking x Lung Cancer	Wellness & Fitness	A	C	trait may imply disease risk, diagnosis, or medical condition; trait may imply drug response or pharmacogenomics; recommended report language is too strong	high	yes	yes	yes	Drinking x Lung Cancer	clinical, requires professional review — not for direct-to-consumer reporting	Sensitive trait — may imply medical condition or drug response. Requires clinical, regulatory, and ethical review. Not for direct-to-consumer reporting without professional oversight.
